Name,Given Name,Additional Name,Family Name,Yomi Name,Given Name Yomi,Additional Name Yomi,Family Name Yomi,Name Prefix,Name Suffix,Initials,Nickname,Short Name,Maiden Name,Birthday,Gender,Location,Billing Information,Directory Server,Mileage,Occupation,Hobby,Sensitivity,Priority,Subject,Notes,Group Membership,E-mail 1 - Type,E-mail 1 - Value,Phone 1 - Type,Phone 1 - Value,Address 1 - Type,Address 1 - Formatted,Address 1 - Street,Address 1 - City,Address 1 - PO Box,Address 1 - Region,Address 1 - Postal Code,Address 1 - Country,Address 1 - Extended Address
Mohamed Houmisa Taieb,Mohamed,,Houmisa Taieb,,,,,,,,,,,,,,,,,,,,,,,* My Contacts ::: 2SMR-2017,* ,elmht99@gmail.com,,,,,,,,,,,
Javier Conde Silva,Javier,,Conde Silva,,,,,,,,,,,,,,,,,,,,,,,* My Contacts ::: 2SMR-2017,* ,javierconde1988@gmail.com,,,,,,,,,,,
Samuel García Morales,Samuel,,García Morales,,,,,,,,,,,,,,,,,,,,,,,* My Contacts ::: 2SMR-2017,* ,samuelgarciamorales99@gmail.com,,,,,,,,,,,
Christian León Reina,Christian,,León Reina,,,,,,,,,,,,,,,,,,,,,,,* My Contacts ::: 2SMR-2017,* ,chris.puertasdelcampo@gmail.com,,,,,,,,,,,
Cristian Romero Calvillo,Cristian,,Romero Calvillo,,,,,,,,,,,,,,,,,,,,,,,* My Contacts ::: 2SMR-2017,* ,cristianromerosmr2@gmail.com,,,,,,,,,,,
Jesús J. Cantero López,Jesús J.,,Cantero López,,,,,,,,,,,,,,,,,,,,,,,* My Contacts ::: 2SMR-2017,* ,ciclomediosmr@gmail.com,,,,,,,,,,,
Juan Salvador Berenguer,Juan,,Salvador Berenguer,,,,,,,,,,,,,,,,,,,,,,,* My Contacts ::: 2SMR-2017,* ,juan.salvador.berenguer@gmail.com,,,,,,,,,,,
Sufian Badri,Sufian,,Badri,,,,,,,,,,,,,,,,,,,,,,,* My Contacts ::: 2SMR-2017,* ,sufianpuertascampo@gmail.com,,,,,,,,,,,
Bilal Ahmed Mohamed,Bilal,,Ahmed Mohamed,,,,,,,,,,,,,,,,,,,,,,,* My Contacts ::: 2SMR-2017,* ,tito.bilal.black@gmail.com,,,,,,,,,,,
Ezequiel Santapau Zurita,Ezequiel,,Santapau Zurita zeki7352,,,,,,,,,,,,,,,,,,,,,,,* My Contacts ::: 2SMR-2017,* ,zeki7352@gmail.com,,,,,,,,,,,
Domingo Ramos Castillo,Domingo,,Ramos Castillo,,,,,,,,,,,,,,,,,,,,,,,* My Contacts ::: 2SMR-2017,* ,dominginks@gmail.com,,,,,,,,,,,
Francisco Sánchez Ros,Francisco,,Sánchez Ros,,,,,,,,,,,,,,,,,,,,,,,* My Contacts ::: 2SMR-2017,* ,franciscosanchezros2smr@gmail.com,,,,,,,,,,,
Joao Victor Damasceno Grimaldi,Joao Victor,,Damasceno Grimaldi,,,,,,,,,,,,,,,,,,,,,,,* My Contacts ::: 2SMR-2017,* ,grimaldi15holgado@gmail.com,,,,,,,,,,,
Name,Given Name,Additional Name,Family Name,Yomi Name,Given Name Yomi,Additional Name Yomi,Family Name Yomi,Name Prefix,Name Suffix,Initials,Nickname,Short Name,Maiden Name,Birthday,Gender,Location,Billing Information,Directory Server,Mileage,Occupation,Hobby,Sensitivity,Priority,Subject,Notes,Group Membership,E-mail 1 - Type,E-mail 1 - Value,Phone 1 - Type,Phone 1 - Value,Address 1 - Type,Address 1 - Formatted,Address 1 - Street,Address 1 - City,Address 1 - PO Box,Address 1 - Region,Address 1 - Postal Code,Address 1 - Country,Address 1 - Extended Address
Name,Given Name,Additional Name,Family Name,Yomi Name,Given Name Yomi,Additional Name Yomi,Family Name Yomi,Name Prefix,Name Suffix,Initials,Nickname,Short Name,Maiden Name,Birthday,Gender,Location,Billing Information,Directory Server,Mileage,Occupation,Hobby,Sensitivity,Priority,Subject,Notes,Group Membership,E-mail 1 - Type,E-mail 1 - Value,Phone 1 - Type,Phone 1 - Value,Address 1 - Type,Address 1 - Formatted,Address 1 - Street,Address 1 - City,Address 1 - PO Box,Address 1 - Region,Address 1 - Postal Code,Address 1 - Country,Address 1 - Extended Address
Aiman Ali Bouhdid,Aiman,,Ali Bouhdid,,,,,,,,,,,,,,,,,,,,,,,* My Contacts ::: 2SMR-2017,* ,aimandelprincipe.a@gmail.com,,,,,,,,,,,
